Société,SIREN,Statut,Siège (Toulouse),Réf.
LP PROMOTION,433 137 890,Active,"25 rue de Bayard, 31000 Toulouse",
LP NOUVELLE AQUITAINE,920 615 226,Active,"25 rue de Bayard, 31000 Toulouse",
LP ILE DE FRANCE,920 615 200,Active,"25 rue de Bayard, 31000 Toulouse",
LP BRETAGNE PAYS DE LA LOIRE,951 203 561,Active,"25 rue de Bayard, 31000 Toulouse",
LP GROUPE (ex AERPROM),893 119 859,Active,"25 rue de Bayard, 31000 Toulouse",
LP PROMOTION 781,980 452 338,Active,"CS 71348, 25 rue de Bayard, 31000 Toulouse",
LP PROMOTION 930,984 599 241,Active,"CS 71348, 25 rue de Bayard, 31000 Toulouse",
LP PROMOTION 971,981 407 729,Active,"CS 71348, 25 rue de Bayard, 31000 Toulouse",
LP PROMOTION 1008,930 424 809,Active,"CS 71348, 25 rue de Bayard, 31000 Toulouse",
LP PROMOTION 1017,933 713 828,Active,"CS 71348, 25 rue de Bayard, 31000 Toulouse",
LP PROMOTION 1024,931 189 203,Active,"CS 71348, 25 rue de Bayard, 31000 Toulouse",
LP PROMOTION 1027,934 355 157,Active,"CS 71348, 25 rue de Bayard, 31000 Toulouse",
LP PROMOTION 1036,945 362 671,Active,"CS 71348, 25 rue de Bayard, 31000 Toulouse",
LP PROMOTION 1041,938 388 469,Active,"CS 71348, 25 rue de Bayard, 31000 Toulouse",
LP PROMOTION 1065,941 707 564,Active,"CS 71348, 25 rue de Bayard, 31000 Toulouse",
LP PROMOTION 1073,989 126 727,Active,"CS 71348, 25 rue de Bayard, 31000 Toulouse",
LP PROMOTION 1075,993 379 346,Active,"CS 71348, 25 rue de Bayard, 31000 Toulouse",
LP PROMOTION 1089,994 419 299,Active,"CS 71348, 25 rue de Bayard, 31000 Toulouse",
LP PROMOTION 1094,995 224 839,Active,"CS 71348, 25 rue de Bayard, 31000 Toulouse",
LP PROMOTION 1112,995 246 790,Active,"CS 71348, 25 rue de Bayard, 31000 Toulouse",
LP PROMOTION 1115,995 172 228,Active,"CS 71348, 25 rue de Bayard, 31000 Toulouse",
LP PROMOTION SOLEA,920 152 667,Active,"CS 71348, 25 rue de Bayard, 31000 Toulouse",
LP PROMOTION VOLTIGE,920 152 675,Active,"CS 71348, 25 rue de Bayard, 31000 Toulouse",
LP PROMOTION GRANDEUR NATURE (Valupo),903 991 842,Active,"CS 71348, 25 rue de Bayard, 31000 Toulouse",
LP PROMOTION SALOME,897 812 053,Radiée,"CS 71348, 25 rue de Bayard, 31000 Toulouse",
LP PROMOTION 881,953 092 772,Radiée,"CS 71348, 25 rue de Bayard, 31000 Toulouse",
LP PROMOTION COTTAGE,880 420 930,Radiée,"CS 71348, 25 rue de Bayard, 31000 Toulouse",
LP PROMOTION BELLADONNA,921 536 751,Radiée,"CS 71348, 25 rue de Bayard, 31000 Toulouse",
SCCV LP PROMOTION 949,980 628 796,Radiée,"CS 71348, 25 rue de Bayard, 31000 Toulouse",
SCI LP PROMOTION TOULOUSAINS,531 557 528,Radiée,"25 rue de Bayard, 31000 Toulouse",